uuid,date,ip,country
13UVM9UZGVC5Z8FH,1985-12-29T03:45:48.331Z,116.49.145.124,Australia
2YROM18LXGZE5S6N,1975-08-19T08:27:05.166Z,235.43.71.244,Cuba
FQZ53Q6D7V1XQI2V,1980-02-04T23:15:47.711Z,70.31.14.16,Uzbekistan
TQDOY14O1BIR3PYI,2005-12-03T20:51:09.797Z,242.79.114.52,Dominica
MT4MGZ893KXD4KRH,1988-06-26T20:35:52.990Z,74.252.223.119,Bangladesh
A9HVXMGXVZSL1GAQ,1987-12-19T06:43:46.252Z,154.10.128.241,Iceland
MHQ2ER2D3943YJMD,2016-06-06T10:04:17.183Z,5.130.43.62,Estonia
NZBNXUQHYNY0RZL4,2020-07-09T06:34:53.526Z,196.192.210.226,Peru
NEIOCVYTTBRIV10Z,1971-10-06T14:02:07.833Z,71.161.187.155,Central African Rep
MUE3QLVGTDNXZE6N,1991-01-26T01:05:28.571Z,27.212.115.89,Gambia
QI5QGZ25IV8NDFGQ,1971-05-01T07:54:01.223Z,74.148.105.122,Sri Lanka
23L2N1QFFZD06VCH,2004-07-13T14:00:56.930Z,105.157.228.65,Lebanon
563Q79MGHAXQDSD1,2008-07-09T02:01:31.445Z,127.247.103.17,Gambia
KRKGL80HNJ3VBKME,1988-07-12T20:42:46.031Z,230.216.133.98,Italy
I7OFKV2DZPH26FNS,1977-11-11T17:31:47.427Z,248.181.246.119,Uruguay
U7GR4CY8KDEA84JC,1971-11-01T11:10:22.790Z,64.51.105.249,Jordan
DQ0CAYCQ92N6U0LN,1972-09-05T08:09:49.900Z,204.32.243.160,Maldives
SVFJHHHJN30ULVBI,2020-05-01T10:07:36.210Z,44.165.162.10,Gambia
013FDZ7LOUVSPIUZ,1971-04-14T11:42:50.344Z,166.191.169.122,Uganda
JAPIFTQIGG4MXMQU,1984-02-07T17:10:40.523Z,42.208.215.59,Australia
